ID,Email,Customer_Spend
841b84636879477d,user1@example.com,Small $50-$300/month
d118217e8b074a40,user2@example.com,Premium >$1k/month
ab9dfbce2f754944,user3@example.com,Small $50-$300/month
65cc9c6fee664a7c,user4@example.com,High >$300/month
4e87c00df9a542f4,user5@example.com,Premium >$1k/month
4c7d9366deb94ca8,user6@example.com,Small $50-$300/month
9ed3fbb332de4738,user7@example.com,High >$300/month
5fa6e5afe39545a1,user8@example.com,Premium >$1k/month
84dd7b224c5748cd,user9@example.com,Small $50-$300/month
27c55686bee1495e,user10@example.com,High >$300/month
ba045d7c355f4467,user11@example.com,Premium >$1k/month
3f75b7aeb4c54686,user12@example.com,Small $50-$300/month
a5d0617fb73d49bd,user13@example.com,High >$300/month
727268ac792f4faa,user14@example.com,Premium >$1k/month
5947ff4a92b04b91,user15@example.com,Small $50-$300/month
e8dd1e6c9ca94b69,user16@example.com,High >$300/month
22cf8010320a4901,user17@example.com,Premium >$1k/month
92265578b68543e5,user18@example.com,Small $50-$300/month
434d3beed06d4f4e,user19@example.com,High >$300/month
371527b995b64b03,user20@example.com,Premium >$1k/month
9e15fc2455ee4dbf,user21@example.com,Small $50-$300/month
ffbe2f9f12974075,user22@example.com,High >$300/month
5834509ee61842a6,user23@example.com,Premium >$1k/month
b73ff54f81c34640,user24@example.com,Small $50-$300/month
5953165b8ed34ab8,user25@example.com,High >$300/month
bab73193a59b452c,user26@example.com,Premium >$1k/month
242b94aecd36496b,user27@example.com,Small $50-$300/month
8553c697bf7540cf,user28@example.com,High >$300/month
da1fd1e9159a4875,user29@example.com,Premium >$1k/month
20d60a0f38774604,user30@example.com,Small $50-$300/month
3ea17f645bfc4bd3,user31@example.com,High >$300/month
7e420a7119644054,user32@example.com,Premium >$1k/month
6afeceb36ed34f65,user33@example.com,Small $50-$300/month
714beedbd64444cb,user34@example.com,High >$300/month
3f9b0b5442374ed1,user35@example.com,Premium >$1k/month
60c55b7917c74602,user36@example.com,Small $50-$300/month
157ae37601bc4ca4,user37@example.com,High >$300/month
7513d956c0ae4ea9,user38@example.com,Premium >$1k/month
f7b16820c39d4d83,user39@example.com,Small $50-$300/month
f3bbe87c0fbc4cff,user40@example.com,High >$300/month
47d07db418384989,user41@example.com,Premium >$1k/month
5f749fa0029947e1,user42@example.com,Small $50-$300/month
96569f9bcde3474f,user43@example.com,High >$300/month
3b5b9ece4c804c77,user44@example.com,Premium >$1k/month
d18c806c75a14b09,user45@example.com,Small $50-$300/month
b8603a3e9ee64ec1,user46@example.com,High >$300/month
69cc59fe61cf43fe,user47@example.com,Premium >$1k/month
5e6250a235484c74,user48@example.com,Small $50-$300/month
2e0d4d6788c34daa,user49@example.com,High >$300/month
1dd8fc0a82be4250,user50@example.com,Premium >$1k/month
ac0f8688a50a4552,user51@example.com,Small $50-$300/month
2a013f28445e41d5,user52@example.com,High >$300/month
ec19783b650744c1,user53@example.com,Premium >$1k/month
f6e1fad459124d4a,user54@example.com,Small $50-$300/month
f5ec3fd3ab5e438e,user55@example.com,High >$300/month
4311b3e5ce4046eb,user56@example.com,Premium >$1k/month
da24d3fcf7814f84,user57@example.com,Small $50-$300/month
83d93ab8886e438e,user58@example.com,High >$300/month
238f3718a5924ebf,user59@example.com,Premium >$1k/month
88f48a51f83b426d,user60@example.com,Small $50-$300/month
a980ff3ebb0a4f2f,user61@example.com,High >$300/month
db0bd780973948a1,user62@example.com,Premium >$1k/month
5ff25321faba42f7,user63@example.com,Small $50-$300/month
41ba408bb7f24c72,user64@example.com,High >$300/month
d57b89e25a5045f1,user65@example.com,Premium >$1k/month
c7a87a5908e742f2,user66@example.com,Small $50-$300/month
e5b3545f2f42470a,user67@example.com,High >$300/month
49467c4f7c654250,user68@example.com,Premium >$1k/month
7f26b93a9bd1458a,user69@example.com,Small $50-$300/month
c39a90f0537d408f,user70@example.com,High >$300/month
21d596bb636346ee,user71@example.com,Premium >$1k/month
ee2690bb36e245b9,user72@example.com,Small $50-$300/month
71822e7dacf74776,user73@example.com,High >$300/month
e08ba7da67a84046,user74@example.com,Premium >$1k/month
2e43edd622b5449b,user75@example.com,Small $50-$300/month
abaf896d410a4985,user76@example.com,High >$300/month
cd2a08f46c664ab2,user77@example.com,Premium >$1k/month
dd371249a26345cd,user78@example.com,Small $50-$300/month
a1f9cabdb17345f8,user79@example.com,High >$300/month
03467ae9e2704b35,user80@example.com,Premium >$1k/month
8be5ed5dbdfe413e,user81@example.com,Small $50-$300/month
b46352f216c14d6d,user82@example.com,High >$300/month
8fffb94d50924dd6,user83@example.com,Premium >$1k/month
95d826f2437b40f8,user84@example.com,Small $50-$300/month
a1e1c29b55464dbd,user85@example.com,High >$300/month
2b021f598f91471a,user86@example.com,Premium >$1k/month
b8fa5a43ed71438c,user87@example.com,Small $50-$300/month
1dd5096482be4ba0,user88@example.com,High >$300/month
5e889f685f9546bc,user89@example.com,Premium >$1k/month
5389389eeb7f4d5a,user90@example.com,Small $50-$300/month
3755b29dbef247e0,user91@example.com,High >$300/month
fc3e4e547543499b,user92@example.com,Premium >$1k/month
c51720fcad7d4495,user93@example.com,Small $50-$300/month
49f8838eaba549a2,user94@example.com,High >$300/month
b25d285c1d0c4da1,user95@example.com,Premium >$1k/month
8a10029c9f694eaa,user96@example.com,Small $50-$300/month
95be983373fd44f4,user97@example.com,High >$300/month
6b2c8e553f47465c,user98@example.com,Premium >$1k/month
f5925fff37214a80,user99@example.com,Small $50-$300/month
08f46b0dde6a4fa1,user100@example.com,High >$300/month
c6643f8efdf547b3,user101@example.com,Premium >$1k/month
40155eeec7294782,user102@example.com,Small $50-$300/month
4a4cecf103624b75,user103@example.com,High >$300/month
33828f0299594df7,user104@example.com,Premium >$1k/month
729ea8211dc6440f,user105@example.com,Small $50-$300/month
31e67f4f4fe24d0c,user106@example.com,High >$300/month
a46c4ab214ae4c1e,user107@example.com,Premium >$1k/month
38adc4f871c14786,user108@example.com,Small $50-$300/month
85b7971cfa564186,user109@example.com,High >$300/month
f98a6f675b694057,user110@example.com,Premium >$1k/month
6555413c5cef468e,user111@example.com,Small $50-$300/month
ac05f28db7664d4a,user112@example.com,High >$300/month
4dcb0fa261e74966,user113@example.com,Premium >$1k/month
0235dac22bbb42ed,user114@example.com,Small $50-$300/month
1b4464576d6145de,user115@example.com,High >$300/month
2a1c54621ab34de4,user116@example.com,Premium >$1k/month
fb7c0cb658a54daf,user117@example.com,Small $50-$300/month
728940fddb0549c9,user118@example.com,High >$300/month
0bc03149bfc7482b,user119@example.com,Premium >$1k/month
73dabca87bd14585,user120@example.com,Small $50-$300/month
f67c77284fd94288,user121@example.com,High >$300/month
36b1670a891f44ba,user122@example.com,Premium >$1k/month
0ed0a58e769b40cd,user123@example.com,Small $50-$300/month
d41829d1fcee4253,user124@example.com,High >$300/month
1ae53faf8dbb4297,user125@example.com,Premium >$1k/month
1a2cf09ca0e14e0e,user126@example.com,Small $50-$300/month
740b9f2fe8b245d7,user127@example.com,High >$300/month
4b9a310d8cb6491c,user128@example.com,Premium >$1k/month
15f0c7f90009407f,user129@example.com,Small $50-$300/month
d2ceba559d5b4186,user130@example.com,High >$300/month
d6c3440940404b4d,user131@example.com,Premium >$1k/month
bf2b769a43d94fc8,user132@example.com,Small $50-$300/month
ed92b9a2237a4047,user133@example.com,High >$300/month
9b3e803f1b554812,user134@example.com,Premium >$1k/month
c1f2d38cf0b84601,user135@example.com,Small $50-$300/month
2e84ede849c4478f,user136@example.com,High >$300/month
afa98b950aa14030,user137@example.com,Premium >$1k/month
2f6d48a72d3c40a1,user138@example.com,Small $50-$300/month
d335f7ac823a4b7a,user139@example.com,High >$300/month
5a93d2647c5e4558,user140@example.com,Premium >$1k/month
3af1f3b5c2074d2b,user141@example.com,Small $50-$300/month
4de406a651614547,user142@example.com,High >$300/month
1f00174d96334cd4,user143@example.com,Premium >$1k/month
2f508117c00e47ed,user144@example.com,Small $50-$300/month
b058824b59f84271,user145@example.com,High >$300/month
5b0c2b948ab64bfb,user146@example.com,Premium >$1k/month
a9c133889f7349aa,user147@example.com,Small $50-$300/month
dc93c8a5b63e4c5d,user148@example.com,High >$300/month
cd35eaba43c14b04,user149@example.com,Premium >$1k/month
0713fcabb7dc409f,user150@example.com,Small $50-$300/month
e4ed0c85d2b84830,user151@example.com,High >$300/month
92ac45965ec741e0,user152@example.com,Premium >$1k/month
aaaae60a80e84891,user153@example.com,Small $50-$300/month
60f4159cb7014826,user154@example.com,High >$300/month
1f534289905b4079,user155@example.com,Premium >$1k/month
f36fa67563364125,user156@example.com,Small $50-$300/month
8040ea648fbe4fb0,user157@example.com,High >$300/month
e3af5eaf23054d75,user158@example.com,Premium >$1k/month
b916b0bb1ab24923,user159@example.com,Small $50-$300/month
662453c7586f4b63,user160@example.com,High >$300/month
281b887e6d954806,user161@example.com,Premium >$1k/month
2a79a88afafb4a92,user162@example.com,Small $50-$300/month
a22d3e5549d44667,user163@example.com,High >$300/month
d46ab958c5394ee7,user164@example.com,Premium >$1k/month
7027e860ee1c491d,user165@example.com,Small $50-$300/month
3e261650104c4402,user166@example.com,High >$300/month
487ebe9596b94260,user167@example.com,Premium >$1k/month
f14948a84a024f52,user168@example.com,Small $50-$300/month
b36e12531a1a4d1a,user169@example.com,High >$300/month
8fc73b7b91844261,user170@example.com,Premium >$1k/month
226ae6e6291f4025,user171@example.com,Small $50-$300/month
645324ddfd5a4a31,user172@example.com,High >$300/month
fa31f22d3d49416a,user173@example.com,Premium >$1k/month
8dda19b42a8d455a,user174@example.com,Small $50-$300/month
bc8ee637d592469b,user175@example.com,High >$300/month
74602f1124f34ba3,user176@example.com,Premium >$1k/month
aaba43062e954002,user177@example.com,Small $50-$300/month
7a5ca6aab70f4ef3,user178@example.com,High >$300/month
613932229bf043eb,user179@example.com,Premium >$1k/month
ca16335724384c3c,user180@example.com,Small $50-$300/month
abaf2aebab0f4819,user181@example.com,High >$300/month
3e75c90121b94bb3,user182@example.com,Premium >$1k/month
6e18c73c5a6e4e40,user183@example.com,Small $50-$300/month
a5dcb92709c7466f,user184@example.com,High >$300/month
952b8c2976a9400d,user185@example.com,Premium >$1k/month
7a472daf63d3483b,user186@example.com,Small $50-$300/month
2fbae829a1654f0c,user187@example.com,High >$300/month
54e1dade87844363,user188@example.com,Premium >$1k/month
c3a8968dc67c4fc3,user189@example.com,Small $50-$300/month
22d52e5209d8427f,user190@example.com,High >$300/month
ab5d7d8eab4d4a04,user191@example.com,Premium >$1k/month
b9435262b4944bba,user192@example.com,Small $50-$300/month
0bc26ecd148844fb,user193@example.com,High >$300/month
e95dd491689d4e2f,user194@example.com,Premium >$1k/month
0060c7b9ce074a43,user195@example.com,Small $50-$300/month
718eb6b285e24a8e,user196@example.com,High >$300/month
7b61bcd1130c4a1f,user197@example.com,Premium >$1k/month
e0d6b81409c04dcb,user198@example.com,Small $50-$300/month
ef0156f63b354659,user199@example.com,High >$300/month
1e50125ab2624778,user200@example.com,Premium >$1k/month
21e3bef19f0c4945,user201@example.com,Small $50-$300/month
9a01311b3b99463d,user202@example.com,High >$300/month
717e50d444c94537,user203@example.com,Premium >$1k/month
4d89840e3c824636,user204@example.com,Small $50-$300/month
058febe5b842419d,user205@example.com,High >$300/month
1ef85a48258045ff,user206@example.com,Premium >$1k/month
6fab8c5f03d3466a,user207@example.com,Small $50-$300/month
58ddf82f56b04b3f,user208@example.com,High >$300/month
3160c17ed58548e7,user209@example.com,Premium >$1k/month
66ea9fc671c84c60,user210@example.com,Small $50-$300/month
8fe25f01a1534d98,user211@example.com,High >$300/month
107b680e5319445d,user212@example.com,Premium >$1k/month
949fe4b6ee5247d1,user213@example.com,Small $50-$300/month
99aebc50e2bd4fb0,user214@example.com,High >$300/month
5571b8fbb1fe4ec7,user215@example.com,Premium >$1k/month
1c6104af767a447d,user216@example.com,Small $50-$300/month
571773ebf32d435d,user217@example.com,High >$300/month
07fdd5d992354958,user218@example.com,Premium >$1k/month
b3107a7f55244269,user219@example.com,Small $50-$300/month
aa72b64417bb4e2e,user220@example.com,High >$300/month
cdf7d3c1a0cd4eff,user221@example.com,Premium >$1k/month
c91a889a51254757,user222@example.com,Small $50-$300/month
ce1b00bfe1a543c3,user223@example.com,High >$300/month
426a25d93145479e,user224@example.com,Premium >$1k/month
3e25b801c5f243e5,user225@example.com,Small $50-$300/month
250163654e294587,user226@example.com,High >$300/month
c6ba0f23918b4b5a,user227@example.com,Premium >$1k/month
410e5381897147e3,user228@example.com,Small $50-$300/month
9cbe049b4ffc4b53,user229@example.com,High >$300/month
50bacfd093104094,user230@example.com,Premium >$1k/month
b6bb9d9157ae411c,user231@example.com,Small $50-$300/month
fe02198940844050,user232@example.com,High >$300/month
f672fc28eca34273,user233@example.com,Premium >$1k/month
0f6ae8cadfd447e6,user234@example.com,Small $50-$300/month
51a64bd6449a4ef5,user235@example.com,High >$300/month
f30acff1102a414d,user236@example.com,Premium >$1k/month
87b600052db84289,user237@example.com,Small $50-$300/month
2ffef63838a04deb,user238@example.com,High >$300/month
db0fa7b58b914a95,user239@example.com,Premium >$1k/month
8f1191504e824af9,user240@example.com,Small $50-$300/month
427a0bb716a94877,user241@example.com,High >$300/month
41bc6e7f1c944501,user242@example.com,Premium >$1k/month
9bc2067550ee44da,user243@example.com,Small $50-$300/month
a569ab1b18f74a53,user244@example.com,High >$300/month
b605f633f77740c0,user245@example.com,Premium >$1k/month
0ebb0b62de414a7b,user246@example.com,Small $50-$300/month
19d2cae1591a4a56,user247@example.com,High >$300/month
bfb350834d084cbf,user248@example.com,Premium >$1k/month
836b546c93494e1c,user249@example.com,Small $50-$300/month
42db13a4fb7a4287,user250@example.com,High >$300/month
51b4e674e51a4f5f,user251@example.com,Premium >$1k/month
95117e11319e4f06,user252@example.com,Small $50-$300/month
ddcb20d9685e43a5,user253@example.com,High >$300/month
343214a4302241ee,user254@example.com,Premium >$1k/month
a5eb65707a314f33,user255@example.com,Small $50-$300/month
1eaa56af89d2401f,user256@example.com,High >$300/month
98e27b9550614d6a,user257@example.com,Premium >$1k/month
83c4d07221fa4737,user258@example.com,Small $50-$300/month
0d6e08c6708f4298,user259@example.com,High >$300/month
2c9c2ea6df2a451a,user260@example.com,Premium >$1k/month
e817719f737a40da,user261@example.com,Small $50-$300/month
64ad7c6a79f947bf,user262@example.com,High >$300/month
c4f53ebc5f944a8e,user263@example.com,Premium >$1k/month
821ba5d8c9d04b88,user264@example.com,Small $50-$300/month
fe071ee65db44655,user265@example.com,High >$300/month
a975b3c80c9541f0,user266@example.com,Premium >$1k/month
8dcc5cd081ea4801,user267@example.com,Small $50-$300/month
9e2fe788f6b2406b,user268@example.com,High >$300/month
725d2db9f42d4ad2,user269@example.com,Premium >$1k/month
bfd7b6f21c524f10,user270@example.com,Small $50-$300/month
3ae1bc7b0ea4467e,user271@example.com,High >$300/month
9f97fd9e897241eb,user272@example.com,Premium >$1k/month
a46ce19249474630,user273@example.com,Small $50-$300/month
fe8df6ab440d444f,user274@example.com,High >$300/month
07b1cabcdc6740f0,user275@example.com,Premium >$1k/month
3e9267bd61fd4c51,user276@example.com,Small $50-$300/month
0758f41e11794b00,user277@example.com,High >$300/month
75ab9e03e90a4584,user278@example.com,Premium >$1k/month
37d673bc0a3946bc,user279@example.com,Small $50-$300/month
f6a236e820f74fa7,user280@example.com,High >$300/month
a1123781f22540d0,user281@example.com,Premium >$1k/month
3fa2d09cf0144e34,user282@example.com,Small $50-$300/month
e9068d6bdf6b45bc,user283@example.com,High >$300/month
4615c8aad9804de0,user284@example.com,Premium >$1k/month
6dc89715102c45a4,user285@example.com,Small $50-$300/month
26adfe17fdad4f68,user286@example.com,High >$300/month
ce86769a4c004678,user287@example.com,Premium >$1k/month
8aa33390df924f49,user288@example.com,Small $50-$300/month
71d13f4416d34eb9,user289@example.com,High >$300/month
f478885cd4a7468f,user290@example.com,Premium >$1k/month
9b1a2ddf40d74246,user291@example.com,Small $50-$300/month
0ad9f5620cfe446c,user292@example.com,High >$300/month
d8d81fc833404837,user293@example.com,Premium >$1k/month
f574eac3433d4903,user294@example.com,Small $50-$300/month
eb4014b28dbe460e,user295@example.com,High >$300/month
6aa8df92e3ae4072,user296@example.com,Premium >$1k/month
8ef4c2fbcbb3455e,user297@example.com,Small $50-$300/month
a4f3d4385f4f4e42,user298@example.com,High >$300/month
22aee249e5024a1a,user299@example.com,Premium >$1k/month
bbf45edda1ed4b75,user300@example.com,Small $50-$300/month
81246d6dfe73488f,user301@example.com,High >$300/month
d6a0c80c4d144693,user302@example.com,Premium >$1k/month
881142f4e5574c03,user303@example.com,Small $50-$300/month
dface58393da401f,user304@example.com,High >$300/month
3577f6ee8bdf4093,user305@example.com,Premium >$1k/month
c13cc3e0b5244306,user306@example.com,Small $50-$300/month
9572423a2aa8485a,user307@example.com,High >$300/month
0cbb5f83bd744dda,user308@example.com,Premium >$1k/month
47fbb32779ca4223,user309@example.com,Small $50-$300/month
14fe2cea8bd145d8,user310@example.com,High >$300/month
3771a6dffcb74c18,user311@example.com,Premium >$1k/month
bfa5460e94164bfb,user312@example.com,Small $50-$300/month
68e6eaa5532b49aa,user313@example.com,High >$300/month
4a4adcbd92c44ca0,user314@example.com,Premium >$1k/month
b507e37571e94854,user315@example.com,Small $50-$300/month
7af63d49e5744b3b,user316@example.com,High >$300/month
5445e505355644bf,user317@example.com,Premium >$1k/month
79f8eb2448d84258,user318@example.com,Small $50-$300/month
c62f4bd5b1004f00,user319@example.com,High >$300/month
6904f128a7f445e8,user320@example.com,Premium >$1k/month
3abab8912cca4830,user321@example.com,Small $50-$300/month
9900934a4a5c493b,user322@example.com,High >$300/month
998df8feabcb40c9,user323@example.com,Premium >$1k/month
38a565e7171746ca,user324@example.com,Small $50-$300/month
44d9eb31d0d64e95,user325@example.com,High >$300/month
dd6b2a4af0b441ab,user326@example.com,Premium >$1k/month
c169b17e42de4522,user327@example.com,Small $50-$300/month
31b6264fd9cd4e40,user328@example.com,High >$300/month
c169813acb6f4b51,user329@example.com,Premium >$1k/month
36ff6e60a0ed4f62,user330@example.com,Small $50-$300/month
4a9e4a0a1ad84459,user331@example.com,High >$300/month
647c7222c9fd4fda,user332@example.com,Premium >$1k/month
88e5692f1ba44433,user333@example.com,Small $50-$300/month
1bc034947ab14255,user334@example.com,High >$300/month
db03dad3b7654c71,user335@example.com,Premium >$1k/month
71fb2761d0bc46e8,user336@example.com,Small $50-$300/month
14b2859f809445b6,user337@example.com,High >$300/month
32364cc6e43742e8,user338@example.com,Premium >$1k/month
66f528d21ab94f37,user339@example.com,Small $50-$300/month
005b87b3d48442e2,user340@example.com,High >$300/month
3dbf9c3f74bb45f0,user341@example.com,Premium >$1k/month
ce831d9325d54f24,user342@example.com,Small $50-$300/month
8ea6e7304e18499f,user343@example.com,High >$300/month
2193c5c8a4474330,user344@example.com,Premium >$1k/month
a29aa4651cae4c91,user345@example.com,Small $50-$300/month
4f6fae7e24964ba0,user346@example.com,High >$300/month
ed23d11f59e54448,user347@example.com,Premium >$1k/month
3ce98e3f2f484698,user348@example.com,Small $50-$300/month
8f08728ea65a4aff,user349@example.com,High >$300/month
b23138ef8f6c4fcc,user350@example.com,Premium >$1k/month
3300880019cf4b95,user351@example.com,Small $50-$300/month
7876f07c0cff4b0f,user352@example.com,High >$300/month
f62605b3f3824123,user353@example.com,Premium >$1k/month
30637bc7d2384749,user354@example.com,Small $50-$300/month
744dac3057dc42ee,user355@example.com,High >$300/month
eb76918d1988467e,user356@example.com,Premium >$1k/month
7c6a6eac3380425c,user357@example.com,Small $50-$300/month
1fdfb2975c4646f7,user358@example.com,High >$300/month
78866a1b247b4a51,user359@example.com,Premium >$1k/month
47a26177fa464a7f,user360@example.com,Small $50-$300/month
c0007bf071ba4965,user361@example.com,High >$300/month
de44b1cbed564b5e,user362@example.com,Premium >$1k/month
24aed53afe804f02,user363@example.com,Small $50-$300/month
e6ade8824cf545e3,user364@example.com,High >$300/month
b4986f5566334017,user365@example.com,Premium >$1k/month
dd03706e15aa4053,user366@example.com,Small $50-$300/month
a30061d3623544d1,user367@example.com,High >$300/month
1c9f331555ac4a6b,user368@example.com,Premium >$1k/month
01414190f16c40d7,user369@example.com,Small $50-$300/month
e622d2cdf5a94ec4,user370@example.com,High >$300/month
fec77e4303e447c5,user371@example.com,Premium >$1k/month
34e4a5d9ad00496a,user372@example.com,Small $50-$300/month
1111d5a165204ba2,user373@example.com,High >$300/month
c4e5081727714a53,user374@example.com,Premium >$1k/month
606d3ac311fd46d6,user375@example.com,Small $50-$300/month
dd85de59cdcd41df,user376@example.com,High >$300/month
361c3a6accdc44e2,user377@example.com,Premium >$1k/month
75347149d50542da,user378@example.com,Small $50-$300/month
4ac234f56a3a403f,user379@example.com,High >$300/month
92d99bc754ae4c0f,user380@example.com,Premium >$1k/month
cbc3de4214234f64,user381@example.com,Small $50-$300/month
0f3ddbbcd4b447d7,user382@example.com,High >$300/month
c5b2866d9a3f4df1,user383@example.com,Premium >$1k/month
6fafd1ffa2664d70,user384@example.com,Small $50-$300/month
8a4936434cca4d4f,user385@example.com,High >$300/month
4d572bb164374700,user386@example.com,Premium >$1k/month
7c4aa6049ec0433c,user387@example.com,Small $50-$300/month
984b59734eed4d53,user388@example.com,High >$300/month
9b4d625b7f354d30,user389@example.com,Premium >$1k/month
6c8d6f9809e743ac,user390@example.com,Small $50-$300/month
f62c4eea2da7472a,user391@example.com,High >$300/month
e21407947d26449c,user392@example.com,Premium >$1k/month
1af0d83adff54e3d,user393@example.com,Small $50-$300/month
3d9c613263074a0c,user394@example.com,High >$300/month
2a448a0c06a34a35,user395@example.com,Premium >$1k/month
900ec71ae4524dd6,user396@example.com,Small $50-$300/month
02bc7bda007f4800,user397@example.com,High >$300/month
853a1848c55d4898,user398@example.com,Premium >$1k/month
6ae61f91834d4450,user399@example.com,Small $50-$300/month
7e5b484fa2a84644,user400@example.com,High >$300/month
cc6cfb2a418e498b,user401@example.com,Premium >$1k/month
4318862d82054852,user402@example.com,Small $50-$300/month
e74e8e0456fb401c,user403@example.com,High >$300/month
3b9f189901e24c70,user404@example.com,Premium >$1k/month
65a266a68d654ae3,user405@example.com,Small $50-$300/month
1cef369937084eff,user406@example.com,High >$300/month
b29f27407eb64b65,user407@example.com,Premium >$1k/month
fd3904b51ab7475d,user408@example.com,Small $50-$300/month
bfbe0846810649c1,user409@example.com,High >$300/month
1fbd17019e914877,user410@example.com,Premium >$1k/month
97ef49d77ee44d4b,user411@example.com,Small $50-$300/month
75b3b917f9f747ac,user412@example.com,High >$300/month
143d32784ee44f99,user413@example.com,Premium >$1k/month
ac21dbf31fdb4728,user414@example.com,Small $50-$300/month
9620d1a4ba774170,user415@example.com,High >$300/month
fa022b26f6bb4282,user416@example.com,Premium >$1k/month
52885fba0faf434e,user417@example.com,Small $50-$300/month
d32c7ad97d5a4e30,user418@example.com,High >$300/month
8741e53dc1da423a,user419@example.com,Premium >$1k/month
2da07feb458342b2,user420@example.com,Small $50-$300/month
f56769964507490b,user421@example.com,High >$300/month
1c66b01e76224133,user422@example.com,Premium >$1k/month
cf52bd61ea06484c,user423@example.com,Small $50-$300/month
ab31cd4cf5f6464b,user424@example.com,High >$300/month
b452c670e3b74583,user425@example.com,Premium >$1k/month
e291c860c6764d07,user426@example.com,Small $50-$300/month
8ec643ccde8641f0,user427@example.com,High >$300/month
5f3de5ad542a43ec,user428@example.com,Premium >$1k/month
fba6dfbc92044791,user429@example.com,Small $50-$300/month
dae7c874930d4109,user430@example.com,High >$300/month
6228823207664431,user431@example.com,Premium >$1k/month
07a3f033be464fc7,user432@example.com,Small $50-$300/month
179d55a66cef49b7,user433@example.com,High >$300/month
0ad52ec7f4044610,user434@example.com,Premium >$1k/month
7cebf538978b48ec,user435@example.com,Small $50-$300/month
69849f799c844b1b,user436@example.com,High >$300/month
dd0391e6c6734b29,user437@example.com,Premium >$1k/month
1458e0d6a1eb48cf,user438@example.com,Small $50-$300/month
cfdabc6ccc824312,user439@example.com,High >$300/month
aecf5de2b2ee4499,user440@example.com,Premium >$1k/month
5b3d2c777ae84391,user441@example.com,Small $50-$300/month
1e4ffe90764f443d,user442@example.com,High >$300/month
4f608432a6bd479f,user443@example.com,Premium >$1k/month
30ad3a52d6704520,user444@example.com,Small $50-$300/month
f3993da15e4949cb,user445@example.com,High >$300/month
8cdcd918942b408e,user446@example.com,Premium >$1k/month
7b255e9d38ce42b4,user447@example.com,Small $50-$300/month
7e0e48b1070e4347,user448@example.com,High >$300/month
f84e8510aec14968,user449@example.com,Premium >$1k/month
ffb601d84a124a5a,user450@example.com,Small $50-$300/month
df590f2c806f411f,user451@example.com,High >$300/month
e53e1efe0ced46b8,user452@example.com,Premium >$1k/month
a34aa6710f0a414b,user453@example.com,Small $50-$300/month
8ab5b97638664454,user454@example.com,High >$300/month
f57f66a09f3346bd,user455@example.com,Premium >$1k/month
1b0c447c6c9c4f9d,user456@example.com,Small $50-$300/month
9229ecbb56d14223,user457@example.com,High >$300/month
e6ab48b503c84c4c,user458@example.com,Premium >$1k/month
96a1f2efa4e94380,user459@example.com,Small $50-$300/month
80240ba9895e486c,user460@example.com,High >$300/month
1dc2959f328d4fcc,user461@example.com,Premium >$1k/month
50baf0993bfb4740,user462@example.com,Small $50-$300/month
439e5f3b7d854ff3,user463@example.com,High >$300/month
c563485ef4624ca5,user464@example.com,Premium >$1k/month
32ec5595459f4e20,user465@example.com,Small $50-$300/month
d9508d8d4b3b47ad,user466@example.com,High >$300/month
07179dabda054e0d,user467@example.com,Premium >$1k/month
d5d632cd0f454cd6,user468@example.com,Small $50-$300/month
144147b720694f6c,user469@example.com,High >$300/month
57323c9be6954a26,user470@example.com,Premium >$1k/month
a98015c14f8e438f,user471@example.com,Small $50-$300/month
5a99f8e3337b43e5,user472@example.com,High >$300/month
a08c41ed7d57447a,user473@example.com,Premium >$1k/month
ca29354fecd04537,user474@example.com,Small $50-$300/month
06952588cc6f4aa7,user475@example.com,High >$300/month
204083d71aa241d4,user476@example.com,Premium >$1k/month
5c1fe3eeeae54f60,user477@example.com,Small $50-$300/month
b4df7a0c0d2d4593,user478@example.com,High >$300/month
abd264f54068406a,user479@example.com,Premium >$1k/month
9b226c4d98144272,user480@example.com,Small $50-$300/month
9c3600811e50466d,user481@example.com,High >$300/month
b472953a45d64705,user482@example.com,Premium >$1k/month
907fbfee7fd54a7b,user483@example.com,Small $50-$300/month
1c3f0f62a72b42eb,user484@example.com,High >$300/month
a91ea4b157b74dd3,user485@example.com,Premium >$1k/month
e34e80fb659e45af,user486@example.com,Small $50-$300/month
d85fbdd35f334cd9,user487@example.com,High >$300/month
5d5578a54af4440e,user488@example.com,Premium >$1k/month
2037624623f64bdc,user489@example.com,Small $50-$300/month
03c6ac09364d4eb5,user490@example.com,High >$300/month
df86d10fb50f4dcf,user491@example.com,Premium >$1k/month
43262494830249db,user492@example.com,Small $50-$300/month
eee58c0b798b444b,user493@example.com,High >$300/month
bc2658e7b08443ce,user494@example.com,Premium >$1k/month
404ece9519134e03,user495@example.com,Small $50-$300/month
80f9b0f2d370475d,user496@example.com,High >$300/month
86b4bb0a39d349b1,user497@example.com,Premium >$1k/month
71c34a2d555b4f24,user498@example.com,Small $50-$300/month
6f47e96ab2194595,user499@example.com,High >$300/month
682c90abd5644647,user500@example.com,Premium >$1k/month
4c8afab0353d4021,user501@example.com,Small $50-$300/month
b48c667edbb44634,user502@example.com,High >$300/month
40e307e375ee418f,user503@example.com,Premium >$1k/month
e2395f0af74f4d63,user504@example.com,Small $50-$300/month
1998f6e03bca4ae5,user505@example.com,High >$300/month
321efabb04d64edd,user506@example.com,Premium >$1k/month
9015df1d5ffe42b3,user507@example.com,Small $50-$300/month
7bce300558614f2c,user508@example.com,High >$300/month
8157a9ff7ea74257,user509@example.com,Premium >$1k/month
063d71954c354f8f,user510@example.com,Small $50-$300/month
1d31406a4cbe4492,user511@example.com,High >$300/month
435414c6620142be,user512@example.com,Premium >$1k/month
7e334922374a47e8,user513@example.com,Small $50-$300/month
4854f35749a54830,user514@example.com,High >$300/month
119debf94f044c17,user515@example.com,Premium >$1k/month
d7b417c638124e79,user516@example.com,Small $50-$300/month
4fd846ada6fb4bd4,user517@example.com,High >$300/month
6e5053744a6b4561,user518@example.com,Premium >$1k/month
4f1f177a88c94d57,user519@example.com,Small $50-$300/month
d4c24957c3494c9e,user520@example.com,High >$300/month
69798545a53a47f5,user521@example.com,Premium >$1k/month
e737d3ac1e2d4325,user522@example.com,Small $50-$300/month
c6de63bb0d8c4d67,user523@example.com,High >$300/month
ee0fb42faa404d78,user524@example.com,Premium >$1k/month
e14c31fef55d455a,user525@example.com,Small $50-$300/month
c984d64e710b4ea4,user526@example.com,High >$300/month
8f5ec1df025d4c6a,user527@example.com,Premium >$1k/month
155f802680654da5,user528@example.com,Small $50-$300/month
4697a8a424164a15,user529@example.com,High >$300/month
262d2f59524745e8,user530@example.com,Premium >$1k/month
f00a69813a9e4a82,user531@example.com,Small $50-$300/month
4cae5264088a49c2,user532@example.com,High >$300/month
183ef9b195224809,user533@example.com,Premium >$1k/month
13fbe9f93ae54207,user534@example.com,Small $50-$300/month
82d4cb8b0ff44d9f,user535@example.com,High >$300/month
991ce730a87b4086,user536@example.com,Premium >$1k/month
30248ab53fd4412c,user537@example.com,Small $50-$300/month
cfde08061ebf4995,user538@example.com,High >$300/month
f4617a82a03a486f,user539@example.com,Premium >$1k/month
b4e0495dd4e246a3,user540@example.com,Small $50-$300/month
2459a220523c498d,user541@example.com,High >$300/month
68c812b714b642f6,user542@example.com,Premium >$1k/month
8c84aa5bcb414d81,user543@example.com,Small $50-$300/month
318952b49d73472d,user544@example.com,High >$300/month
435ad6097b8a4b29,user545@example.com,Premium >$1k/month
50c59f36a39b49bf,user546@example.com,Small $50-$300/month
ec27b03a3e2a444e,user547@example.com,High >$300/month
55e8ca096fdf4955,user548@example.com,Premium >$1k/month
3ac7dab3d8a54fde,user549@example.com,Small $50-$300/month
c3359de104774fbc,user550@example.com,High >$300/month
31302c37a85e4e08,user551@example.com,Premium >$1k/month
c303f7b7ae12422e,user552@example.com,Small $50-$300/month
f6c93ca703db4370,user553@example.com,High >$300/month
a9de54771e084635,user554@example.com,Premium >$1k/month
cb2ec48afaaa40c2,user555@example.com,Small $50-$300/month
54ef54f879794e06,user556@example.com,High >$300/month
eb9389c9d16f4e69,user557@example.com,Premium >$1k/month
7e02c363a15c4550,user558@example.com,Small $50-$300/month
ae4cf9830c0b4ae3,user559@example.com,High >$300/month
13c558be2bb2472b,user560@example.com,Premium >$1k/month
93681cb33a51436d,user561@example.com,Small $50-$300/month
e05d5ce36924445c,user562@example.com,High >$300/month
9d918ab1f561444c,user563@example.com,Premium >$1k/month
f3c425032db14c14,user564@example.com,Small $50-$300/month
fd7bc54952d04c49,user565@example.com,High >$300/month
e034455c16a741be,user566@example.com,Premium >$1k/month
0d8f2d337b68493a,user567@example.com,Small $50-$300/month
2692364ffb724f52,user568@example.com,High >$300/month
13ac3707af124f5d,user569@example.com,Premium >$1k/month
7b5ba9771f2e4334,user570@example.com,Small $50-$300/month
d13ec45fba624b6d,user571@example.com,High >$300/month
41584e61e5714e42,user572@example.com,Premium >$1k/month
7dc897db0d164dc6,user573@example.com,Small $50-$300/month
4da56a94a4c94dfc,user574@example.com,High >$300/month
219378dc8a4445a1,user575@example.com,Premium >$1k/month
388d02d6c9894435,user576@example.com,Small $50-$300/month
c0d2bb9c4d584b3e,user577@example.com,High >$300/month
1a4ee44e73084eda,user578@example.com,Premium >$1k/month
355ac77f779a4b71,user579@example.com,Small $50-$300/month
947cec4586ee4346,user580@example.com,High >$300/month
0308c12956854cc0,user581@example.com,Premium >$1k/month
b1baa54034ba4799,user582@example.com,Small $50-$300/month
831a9ba726bb4b67,user583@example.com,High >$300/month
608a29da95534304,user584@example.com,Premium >$1k/month
1a96434cc53b40f9,user585@example.com,Small $50-$300/month
05399d762b0d49b4,user586@example.com,High >$300/month
6ea66796876d4a42,user587@example.com,Premium >$1k/month
8faab18ada024df5,user588@example.com,Small $50-$300/month
91d70d52398d4f2d,user589@example.com,High >$300/month
d8a8416e41e84aee,user590@example.com,Premium >$1k/month
87ab72dfbec14c9b,user591@example.com,Small $50-$300/month
649fdb0bb8b44f33,user592@example.com,High >$300/month
1cdcb3d62c4c435b,user593@example.com,Premium >$1k/month
469a62f14f9141e0,user594@example.com,Small $50-$300/month
fcd0bb4934dc4b34,user595@example.com,High >$300/month
aaf72b0fa22b4e66,user596@example.com,Premium >$1k/month
d9556d21d7cb4ad4,user597@example.com,Small $50-$300/month
6f6c4b2781ac47b6,user598@example.com,High >$300/month
5c6d1a389db04ae5,user599@example.com,Premium >$1k/month
7d63c1f849034e1f,user600@example.com,Small $50-$300/month
a566c29a879346c0,user601@example.com,High >$300/month
a41742a0161d4b77,user602@example.com,Premium >$1k/month
3db507a9b3f243ae,user603@example.com,Small $50-$300/month
2b6e0ed1694a4fff,user604@example.com,High >$300/month
5470fc8a3849477c,user605@example.com,Premium >$1k/month
7fbf6d34aafb4ef1,user606@example.com,Small $50-$300/month
4230f4ba23e645dc,user607@example.com,High >$300/month
31acd80286c941c2,user608@example.com,Premium >$1k/month
fc332aed5c6d4602,user609@example.com,Small $50-$300/month
db70c682aafc481d,user610@example.com,High >$300/month
2c6efe4cbeff457f,user611@example.com,Premium >$1k/month
ae6ed4ff00024a06,user612@example.com,Small $50-$300/month
a00f74be40594d38,user613@example.com,High >$300/month
36914857f4e7445c,user614@example.com,Premium >$1k/month
238415dd1c6e485c,user615@example.com,Small $50-$300/month
30d0b8e61cab4466,user616@example.com,High >$300/month
2468b94f33984a13,user617@example.com,Premium >$1k/month
b559318a81b74767,user618@example.com,Small $50-$300/month
1658ea1fdb194811,user619@example.com,High >$300/month
ee470716900a4f8a,user620@example.com,Premium >$1k/month
574e8a0be84e4cfc,user621@example.com,Small $50-$300/month
c40f1b35da15418a,user622@example.com,High >$300/month
ebf99574eb854bf6,user623@example.com,Premium >$1k/month
09daa5d873ea4d38,user624@example.com,Small $50-$300/month
b22a231d5fea4fcb,user625@example.com,High >$300/month
6ebe896f7b724856,user626@example.com,Premium >$1k/month
189a7526586d43fc,user627@example.com,Small $50-$300/month
de16d01b2daf4901,user628@example.com,High >$300/month
f0e50f8dcdf94682,user629@example.com,Premium >$1k/month
4e7418ef6d4e4a49,user630@example.com,Small $50-$300/month
330501619ca7475e,user631@example.com,High >$300/month
94f60dc3ce274149,user632@example.com,Premium >$1k/month
848bed3a564844f3,user633@example.com,Small $50-$300/month
b9e1628fae2a4f3c,user634@example.com,High >$300/month
92bf99d9c21441a5,user635@example.com,Premium >$1k/month
56fba348e0554c98,user636@example.com,Small $50-$300/month
34b48d0823e84749,user637@example.com,High >$300/month
93b36ef836ae468a,user638@example.com,Premium >$1k/month
ea9aba08dd2e4ea9,user639@example.com,Small $50-$300/month
4e1de52e6b6242b4,user640@example.com,High >$300/month
39ba595c77834a39,user641@example.com,Premium >$1k/month
00a5bb2a12be4d08,user642@example.com,Small $50-$300/month
fab1b1bd8d4c44e5,user643@example.com,High >$300/month
85d1fbed9c9c4f12,user644@example.com,Premium >$1k/month
59bca32a3d324893,user645@example.com,Small $50-$300/month
051fd9cb194d4ccf,user646@example.com,High >$300/month
c86c4792292f4e69,user647@example.com,Premium >$1k/month
7504620549c14ff5,user648@example.com,Small $50-$300/month
edabc6ccb825452d,user649@example.com,High >$300/month
86ae77dfb3624be8,user650@example.com,Premium >$1k/month
e5761e59e0b04596,user651@example.com,Small $50-$300/month
bea5cd176b704065,user652@example.com,High >$300/month
c714184727904df2,user653@example.com,Premium >$1k/month
bc8502acc5eb4b64,user654@example.com,Small $50-$300/month
b6fd8d52c0584049,user655@example.com,High >$300/month
56665a0804ca42ee,user656@example.com,Premium >$1k/month
e47736409be94bb4,user657@example.com,Small $50-$300/month
380b293379784365,user658@example.com,High >$300/month
7823aafbecf34c10,user659@example.com,Premium >$1k/month
1d12b11b0e944f5a,user660@example.com,Small $50-$300/month
19b0f61a7e714c06,user661@example.com,High >$300/month
47c2c0736db744d6,user662@example.com,Premium >$1k/month
c59790ea0a724bc9,user663@example.com,Small $50-$300/month
c4463ee400dd47a7,user664@example.com,High >$300/month
f6f82d6cf5604630,user665@example.com,Premium >$1k/month
015fd4a7572248c3,user666@example.com,Small $50-$300/month
a8fad8bb27fd4143,user667@example.com,High >$300/month
47968b8c6a634aa7,user668@example.com,Premium >$1k/month
bcc4e65179b6486b,user669@example.com,Small $50-$300/month
d93ef5c7b3be4535,user670@example.com,High >$300/month
639a2c422845432e,user671@example.com,Premium >$1k/month
c163b4f0b1d648ab,user672@example.com,Small $50-$300/month
f95f9491f30240e0,user673@example.com,High >$300/month
199cd661011f449e,user674@example.com,Premium >$1k/month
d617c3d6cea14900,user675@example.com,Small $50-$300/month
9d6ddd78784541a0,user676@example.com,High >$300/month
e1dc7dd244844557,user677@example.com,Premium >$1k/month
3562852a93774f08,user678@example.com,Small $50-$300/month
b752adcf31b24c8f,user679@example.com,High >$300/month
46b3a249de484b1c,user680@example.com,Premium >$1k/month
0290039a805c4d56,user681@example.com,Small $50-$300/month
e6772f5f7ae04be0,user682@example.com,High >$300/month
99d6e92f603c4f15,user683@example.com,Premium >$1k/month
dee8d869c3fc4d5c,user684@example.com,Small $50-$300/month
59454e8d586448ce,user685@example.com,High >$300/month
24d0435dc7994731,user686@example.com,Premium >$1k/month
a711462486d8416a,user687@example.com,Small $50-$300/month
0aa29cfec4c94c5a,user688@example.com,High >$300/month
f5e8ce329ad945bc,user689@example.com,Premium >$1k/month
e763ab54981b44e8,user690@example.com,Small $50-$300/month
ca64cff2665f4cf3,user691@example.com,High >$300/month
0b3f3165d4634d84,user692@example.com,Premium >$1k/month
83bff32037744801,user693@example.com,Small $50-$300/month
5548ff7152b843e7,user694@example.com,High >$300/month
a326946daca44a95,user695@example.com,Premium >$1k/month
198838ee8b91407d,user696@example.com,Small $50-$300/month
cdf628615d994c9d,user697@example.com,High >$300/month
dc09af77666448b9,user698@example.com,Premium >$1k/month
3f06f86fee8c4929,user699@example.com,Small $50-$300/month
a11964f133e2425d,user700@example.com,High >$300/month
0eef38b554564cbd,user701@example.com,Premium >$1k/month
893bd51ae81d4d4e,user702@example.com,Small $50-$300/month
7033d03c7b014d7f,user703@example.com,High >$300/month
0297409231b44cde,user704@example.com,Premium >$1k/month
fbc9a0535ad8487d,user705@example.com,Small $50-$300/month
8547b0ff9efd4f99,user706@example.com,High >$300/month
f49e691750724499,user707@example.com,Premium >$1k/month
50b5e6177f0d40fd,user708@example.com,Small $50-$300/month
a457ab0a43d94287,user709@example.com,High >$300/month
2bbd0f45c0c8407a,user710@example.com,Premium >$1k/month
15ccf75ed46e4728,user711@example.com,Small $50-$300/month
49abeb5f1cfb4b0d,user712@example.com,High >$300/month
5ed817c841fc4676,user713@example.com,Premium >$1k/month
b33884c12ceb43da,user714@example.com,Small $50-$300/month
042fbd95254d409a,user715@example.com,High >$300/month
13f3fb2ee97d41d7,user716@example.com,Premium >$1k/month
d0c111a0fb354808,user717@example.com,Small $50-$300/month
4a541f4267a04eb2,user718@example.com,High >$300/month
4ca0775744bd4d87,user719@example.com,Premium >$1k/month
bc480636025b4e2e,user720@example.com,Small $50-$300/month
e78f122e61914c10,user721@example.com,High >$300/month
8688c1adc93e4942,user722@example.com,Premium >$1k/month
c75e402b4f7647fc,user723@example.com,Small $50-$300/month
4c25ab588afd4ed4,user724@example.com,High >$300/month
69a45ed3433a48a0,user725@example.com,Premium >$1k/month
48e0628ae08246ff,user726@example.com,Small $50-$300/month
509aae8871884449,user727@example.com,High >$300/month
223d1019e4354832,user728@example.com,Premium >$1k/month
03e390a3a37b4d57,user729@example.com,Small $50-$300/month
af6b115b340c40ee,user730@example.com,High >$300/month
389e7b7e4dc1405e,user731@example.com,Premium >$1k/month
b86e272330314ac8,user732@example.com,Small $50-$300/month
22ed11dd5e244859,user733@example.com,High >$300/month
07503d377f4b4423,user734@example.com,Premium >$1k/month
49d8ce8dac74448c,user735@example.com,Small $50-$300/month
e8b1f89ee6ef4efa,user736@example.com,High >$300/month
5df6a5d64c3243f3,user737@example.com,Premium >$1k/month
702014ca9bf843cd,user738@example.com,Small $50-$300/month
5fd44837fcdf45ae,user739@example.com,High >$300/month
ffe1a63f7f1e42fc,user740@example.com,Premium >$1k/month
8614158f96a64222,user741@example.com,Small $50-$300/month
ca9e0dac46c940a8,user742@example.com,High >$300/month
934a3533dd5e45a7,user743@example.com,Premium >$1k/month
254f7fb3d1f9421a,user744@example.com,Small $50-$300/month
bbf2cbff9af14568,user745@example.com,High >$300/month
a566c9c78c8a4fcf,user746@example.com,Premium >$1k/month
2c7006f74e5447cd,user747@example.com,Small $50-$300/month
861a4539bfe14fb7,user748@example.com,High >$300/month
a301aef3aa6a47b5,user749@example.com,Premium >$1k/month
c876260488e543aa,user750@example.com,Small $50-$300/month
60f636e2f4984e7e,user751@example.com,High >$300/month
dd1df3779ccd494c,user752@example.com,Premium >$1k/month
b6cbe3a3179047b3,user753@example.com,Small $50-$300/month
e2b97bb32ab741ad,user754@example.com,High >$300/month
bac1593e7c5441fa,user755@example.com,Premium >$1k/month
5ee934b1d144455a,user756@example.com,Small $50-$300/month
a1ad4406aec24e84,user757@example.com,High >$300/month
b6d9ec5294d940ce,user758@example.com,Premium >$1k/month
7e2aa02a85c24e2c,user759@example.com,Small $50-$300/month
e001272fc4f941b8,user760@example.com,High >$300/month
0b9205cf04ac4446,user761@example.com,Premium >$1k/month
d4e03c4466d041fc,user762@example.com,Small $50-$300/month
0ed6743520c04d8e,user763@example.com,High >$300/month
c501b8ec1ea04cdd,user764@example.com,Premium >$1k/month
1225f03fd4764c50,user765@example.com,Small $50-$300/month
cfa05370612d4ce6,user766@example.com,High >$300/month
61b95b9478124bcf,user767@example.com,Premium >$1k/month
53ca8b6c33174668,user768@example.com,Small $50-$300/month
bd772a17f8bc4433,user769@example.com,High >$300/month
6fb75301e4d142b3,user770@example.com,Premium >$1k/month
de05a2a8939b4733,user771@example.com,Small $50-$300/month
056d8b4b193142b8,user772@example.com,High >$300/month
4a7d4b02690b4d70,user773@example.com,Premium >$1k/month
8b378eb6c4e84e41,user774@example.com,Small $50-$300/month
c99849b8c99a41ae,user775@example.com,High >$300/month
20cd8f6b2065487b,user776@example.com,Premium >$1k/month
53d43034cbcb405b,user777@example.com,Small $50-$300/month
e05dc8646fa24d88,user778@example.com,High >$300/month
f962199a61294b5a,user779@example.com,Premium >$1k/month
421caa3b4bba41d8,user780@example.com,Small $50-$300/month
c1280fa2f16d4d1c,user781@example.com,High >$300/month
43f84b6f0e3c4f78,user782@example.com,Premium >$1k/month
6b2c6cd41bcd4b18,user783@example.com,Small $50-$300/month
e21adc4c5b5645b2,user784@example.com,High >$300/month
497323ba03264935,user785@example.com,Premium >$1k/month
a4b52747bda44f78,user786@example.com,Small $50-$300/month
05ce36a744884a0c,user787@example.com,High >$300/month
4337478e72704a9b,user788@example.com,Premium >$1k/month
97ecf355ed1341e6,user789@example.com,Small $50-$300/month
c40257d529d5479c,user790@example.com,High >$300/month
09202ae9f941461f,user791@example.com,Premium >$1k/month
3f9ffb54a2d244d9,user792@example.com,Small $50-$300/month
522b127a0a6741b3,user793@example.com,High >$300/month
4f7d787cf6ba4943,user794@example.com,Premium >$1k/month
24777e80465e4e23,user795@example.com,Small $50-$300/month
e048c29e22a44881,user796@example.com,High >$300/month
a02a6a59b7974631,user797@example.com,Premium >$1k/month
e2faa9a33710410f,user798@example.com,Small $50-$300/month
6b6cd6e719b2415c,user799@example.com,High >$300/month
b09b38260bdc4274,user800@example.com,Premium >$1k/month
7c9fb6c4f97645e1,user801@example.com,Small $50-$300/month
1384186f319545ca,user802@example.com,High >$300/month
df1acc778ab94bcc,user803@example.com,Premium >$1k/month
9b42f2029a124ec9,user804@example.com,Small $50-$300/month
b0d7a089fd07454b,user805@example.com,High >$300/month
dbf1c4cc9dfb451a,user806@example.com,Premium >$1k/month
4a9cf2b1ac0a4aa4,user807@example.com,Small $50-$300/month
0060f309619040c7,user808@example.com,High >$300/month
b23a7014f4a04ade,user809@example.com,Premium >$1k/month
282aabdbaf37478b,user810@example.com,Small $50-$300/month
2c97f264021c48ab,user811@example.com,High >$300/month
29a2b6f1ad844b9d,user812@example.com,Premium >$1k/month
881f9e6d49c347b2,user813@example.com,Small $50-$300/month
b005a61e911f467e,user814@example.com,High >$300/month
6c8432b5b7104c67,user815@example.com,Premium >$1k/month
b8eb0cad0103479a,user816@example.com,Small $50-$300/month
7618322d355c484f,user817@example.com,High >$300/month
fb4644612c5f4040,user818@example.com,Premium >$1k/month
99ac9fe6bd994660,user819@example.com,Small $50-$300/month
74c326854443422e,user820@example.com,High >$300/month
7d4e0b9f705a4304,user821@example.com,Premium >$1k/month
e4e4a6a8d968474e,user822@example.com,Small $50-$300/month
7f55228805e24287,user823@example.com,High >$300/month
308dad8f3e724631,user824@example.com,Premium >$1k/month
dc577bda7605475a,user825@example.com,Small $50-$300/month
a7c3377876ef491d,user826@example.com,High >$300/month
c546a8e3ae154936,user827@example.com,Premium >$1k/month
88a33e568f864eab,user828@example.com,Small $50-$300/month
030c4911569b4e6b,user829@example.com,High >$300/month
0ebce2d3c91b4b97,user830@example.com,Premium >$1k/month
bef22982102848fe,user831@example.com,Small $50-$300/month
03f6d841da654a3c,user832@example.com,High >$300/month
acd489e58aa6457a,user833@example.com,Premium >$1k/month
3bf41ea79af0495b,user834@example.com,Small $50-$300/month
38e14c94ca7f4d83,user835@example.com,High >$300/month
af0205f8acc944a8,user836@example.com,Premium >$1k/month
e5ae05a69c9940d5,user837@example.com,Small $50-$300/month
07a399ac4d514f39,user838@example.com,High >$300/month
9ec0fdab9bdb491f,user839@example.com,Premium >$1k/month
51c13a48f5214a4b,user840@example.com,Small $50-$300/month
1efbd0b4534847d8,user841@example.com,High >$300/month
5780756e80654224,user842@example.com,Premium >$1k/month
2f75a99235ad4e09,user843@example.com,Small $50-$300/month
e931d7c181cd4836,user844@example.com,High >$300/month
3633687e48ca4db5,user845@example.com,Premium >$1k/month
3ffb5557b8904355,user846@example.com,Small $50-$300/month
a9143bbb8f2e4613,user847@example.com,High >$300/month
e3f6b0fbe5f04bc9,user848@example.com,Premium >$1k/month
db16aff55a1d47b0,user849@example.com,Small $50-$300/month
705ab5188fe8420a,user850@example.com,High >$300/month
4405617437484c43,user851@example.com,Premium >$1k/month
40a2642a52be4af7,user852@example.com,Small $50-$300/month
c7148f6798d44ea0,user853@example.com,High >$300/month
c2ae1527b02e4d56,user854@example.com,Premium >$1k/month
eae4f227054246c8,user855@example.com,Small $50-$300/month
44db9da4de004e66,user856@example.com,High >$300/month
97d9d6ef07364773,user857@example.com,Premium >$1k/month
3b9f195382c14ae2,user858@example.com,Small $50-$300/month
e46ebc5e073c4a37,user859@example.com,High >$300/month
240d29d7efa84905,user860@example.com,Premium >$1k/month
d3601bc0a4534ea5,user861@example.com,Small $50-$300/month
b299821ce7a5482a,user862@example.com,High >$300/month
a987cecc1ad5421a,user863@example.com,Premium >$1k/month
ae2ebdcc584c4d08,user864@example.com,Small $50-$300/month
dbaa9613abb24a68,user865@example.com,High >$300/month
8994f64384884304,user866@example.com,Premium >$1k/month
34696c27f4084061,user867@example.com,Small $50-$300/month
6438ef6f19ec45bf,user868@example.com,High >$300/month
a65d2aa18482412b,user869@example.com,Premium >$1k/month
435fd1e638dc4682,user870@example.com,Small $50-$300/month
633c0f5107b644ce,user871@example.com,High >$300/month
f3291507700f4cbb,user872@example.com,Premium >$1k/month
b723fb65eda54b34,user873@example.com,Small $50-$300/month
ad132e074d65431e,user874@example.com,High >$300/month
bb910e934a1d42b0,user875@example.com,Premium >$1k/month
d5a4502625d14f04,user876@example.com,Small $50-$300/month
ae2ebc03689f4a32,user877@example.com,High >$300/month
16028b5a210d400d,user878@example.com,Premium >$1k/month
8c39e3cdd8a64fc5,user879@example.com,Small $50-$300/month
4f0d6760c64f4080,user880@example.com,High >$300/month
aa022c74d88544bd,user881@example.com,Premium >$1k/month
177526b14d1d463d,user882@example.com,Small $50-$300/month
9010179e3b354128,user883@example.com,High >$300/month
392bac6232274948,user884@example.com,Premium >$1k/month
c41e2b234e0744d4,user885@example.com,Small $50-$300/month
c515dafb47054419,user886@example.com,High >$300/month
abd7ac6709ba4f32,user887@example.com,Premium >$1k/month
5199c1a5b86142e1,user888@example.com,Small $50-$300/month
a0bc89a9515d4547,user889@example.com,High >$300/month
220a9d3534de48b7,user890@example.com,Premium >$1k/month
cd8527aab0c848ee,user891@example.com,Small $50-$300/month
ae0c7db5ca634120,user892@example.com,High >$300/month
37ebe92baa724e95,user893@example.com,Premium >$1k/month
24a0ae2ea4904590,user894@example.com,Small $50-$300/month
33a83e55ed4d4fc8,user895@example.com,High >$300/month
851d78824b3c459d,user896@example.com,Premium >$1k/month
5dc300952b2c4403,user897@example.com,Small $50-$300/month
377288a1eb204765,user898@example.com,High >$300/month
548583e15c0944d9,user899@example.com,Premium >$1k/month
2649bd199d7a42c3,user900@example.com,Small $50-$300/month
8a1ae991e0164531,user901@example.com,High >$300/month
2e3094f9d8804397,user902@example.com,Premium >$1k/month
fc7ef525e8284670,user903@example.com,Small $50-$300/month
74f7601178da40a8,user904@example.com,High >$300/month
84848097b96b49e7,user905@example.com,Premium >$1k/month
5047049322cc47ac,user906@example.com,Small $50-$300/month
bc2e6d466a7543e7,user907@example.com,High >$300/month
cfe2084a8d7a4e9c,user908@example.com,Premium >$1k/month
16ae3150894b4b19,user909@example.com,Small $50-$300/month
550484b5dca4405c,user910@example.com,High >$300/month
96523cd208d0418c,user911@example.com,Premium >$1k/month
9900e34d526342ea,user912@example.com,Small $50-$300/month
cf2fc0611e9d4ec6,user913@example.com,High >$300/month
aa3178b4b6954257,user914@example.com,Premium >$1k/month
f42d65da4f7b4d57,user915@example.com,Small $50-$300/month
9222fa6cbf284b40,user916@example.com,High >$300/month
9f2b53e9343e4b6b,user917@example.com,Premium >$1k/month
c941b699d83c437f,user918@example.com,Small $50-$300/month
cf987646b27040ea,user919@example.com,High >$300/month
cccda75f0fe84cdf,user920@example.com,Premium >$1k/month
ce9cd5c4b4624ae1,user921@example.com,Small $50-$300/month
6d04bf32ae954fc2,user922@example.com,High >$300/month
ce34558617e8429b,user923@example.com,Premium >$1k/month
ba735a046c4a4c2f,user924@example.com,Small $50-$300/month
ab414f7f41ae4c55,user925@example.com,High >$300/month
dd200e8d5dcf496c,user926@example.com,Premium >$1k/month
5bff268f9ffb4029,user927@example.com,Small $50-$300/month
fc422a68743a42bf,user928@example.com,High >$300/month
ac113fca60c341db,user929@example.com,Premium >$1k/month
e1c2c6eadd5d4d14,user930@example.com,Small $50-$300/month
416ccb7630e74425,user931@example.com,High >$300/month
8d7f0e489b904e80,user932@example.com,Premium >$1k/month
8be7f296d7e040e4,user933@example.com,Small $50-$300/month
256ed99c9f21483e,user934@example.com,High >$300/month
f183fec9f5594967,user935@example.com,Premium >$1k/month
87b2902d6881474e,user936@example.com,Small $50-$300/month
57ad6a288fda447f,user937@example.com,High >$300/month
df9ecb7cfab34fb1,user938@example.com,Premium >$1k/month
e205b9608fe94a52,user939@example.com,Small $50-$300/month
cb33b2d1fe8340b2,user940@example.com,High >$300/month
35de5e2544e746a8,user941@example.com,Premium >$1k/month
fc4b410a35904b43,user942@example.com,Small $50-$300/month
e8aab96ecba64bda,user943@example.com,High >$300/month
544bf131b87941a5,user944@example.com,Premium >$1k/month
eeb6759b38784a98,user945@example.com,Small $50-$300/month
2cb5bd3b36e94142,user946@example.com,High >$300/month
21ed7c9710544235,user947@example.com,Premium >$1k/month
7c5e14a7ae7b4bff,user948@example.com,Small $50-$300/month
a7841ad966384960,user949@example.com,High >$300/month
57971586390e432d,user950@example.com,Premium >$1k/month
34ef8046e1244986,user951@example.com,Small $50-$300/month
20da4bc8893f45e2,user952@example.com,High >$300/month
21a06b0860934e03,user953@example.com,Premium >$1k/month
71fe75147d7446aa,user954@example.com,Small $50-$300/month
a484234970934e44,user955@example.com,High >$300/month
b7f5cf6eabbf4ccb,user956@example.com,Premium >$1k/month
b234f2b7bf1242ad,user957@example.com,Small $50-$300/month
8257607cee94468b,user958@example.com,High >$300/month
f4887499215b47c5,user959@example.com,Premium >$1k/month
79219110e742407b,user960@example.com,Small $50-$300/month
2faa15137ead44ba,user961@example.com,High >$300/month
4a8321a6b4df41b1,user962@example.com,Premium >$1k/month
af126bf5fd0b41f5,user963@example.com,Small $50-$300/month
51208bc000a648bc,user964@example.com,High >$300/month
5229a834b6584290,user965@example.com,Premium >$1k/month
3ccab0d4cd6a45d1,user966@example.com,Small $50-$300/month
2f71101d4e9b4510,user967@example.com,High >$300/month
20c704300beb4bde,user968@example.com,Premium >$1k/month
